,0
0,Humayun's Tomb: Isa Khan Niyazi Tomb Complex
1,Château de Chenonceau
2,Kopaonik
3,Brighton Pier
4,Niagara Falls
5,Tower of Hercules 
6,Jamali Kamali mosque and tomb
7,Lotus Temple
8,Matterhorn
9,Teatro Carlo Felice (Genoa)
10,Castle Heeswijk
11,Ellora Caves
12,Moritzburg Castle
13,Moszna Castle
14,Helsinki Lutheran Cathedral
15,Kardzhali History Museum
16,Temple of Poseidon at Cape Sounion
17,Wawel
18,Pangong Tso
19,Feroz Shah Kotla
20,Stob pyramids
21,"Qutb Minar and its monuments, Delhi"
22,West Side Market
23,Oleksandria Park
24,Lake Garda
25,"Sameba Cathedral, Tbilisi"
26,Attabad Lake
27,"St. Lawrence, Toronto"
28,Castles of Lastours
29,Mustafa Pasha Mosque (Skopje)
30,Tatev
31,Glasnevin Cemetery
32,Western Wall
33,Angkor Wat
34,"Palacio Legislativo, Uruguay"
35,Huangshan
36,Mill Island in Bydgoszcz
37,Ein Avdat
38,Saiful Muluk Lake
39,Gorges du Verdon
40,Enrique Tierno Galván Park
41,Metropolitan Cathedral of Saint Sebastian
42,Noraduz Cemetery
43,Humble Administrator's Garden
44,Hadrian's Wall
45,Sumidero Canyon
46,Castel Sant'Angelo (Rome)
47,Horezu Monastery
48,Zvartnots
49,"Saint John of God Church (San Rafael, Bulacan)"
50,Minar-e-Pakistan
51,Tower Bridge
52,Yellowstone National Park
53,Matka Canyon
54,Akhtala monastery
55,Wat Pho
56,Olympic Stadium (London)
57,Arroyo Burro Beach
58,"San Guillermo Church, Bacolor"
59,Perperikon
60,"Saint James the Greater Church (Plaridel, Bulacan)"
61,Tyne Bridge
62,SBB Historic
63,Izborsk Fortress
64,Museum on the demarcation line in Rokycany
65,Vorotnavank
66,Bigorski Monastery
67,Borgo medievale (Turin)
68,Bolków Castle
69,Olesko Castle
70,Mount Wutai
71,Tidersrums kyrka
72,Jurassic Coast
73,Krzyztopor Castle
74,Trakai Island Castle
75,Tomb of Safdarjung
76,The Château of Chambord
77,Hunza Valley
78,Saghmosavank
79,Trevi fountain
80,Grayson Highlands State Park
81,La D%C3%B4le
82,Ponte Vasco da Gama
83,Kecharis
84,The Museum of Municipal Engineering in Kraków
85,St. Sophia Church (Ohrid)
86,Skopje Fortress
87,St. John of Mastara
88,Herz-Jesu-Kirche (Dresden)
89,Heskin Hall
90,Chichen Itza
91,Arg of Karim Khan
92,Mehrangarh Fort
93,Masada
94,Palau Nacional (Barcelona)
95,Petrovaradin Fortress
96,Kashueti Church
97,Padrão dos Descobrimentos
98,Kinderdijk windmills
99,"Market Square, Lviv"
100,Akkerman fortress
101,Svirzh Castle
102,Douthat State Park
103,Jasna Góra Monastery
104,Bayon
105,East Side Gallery
106,Mount Rushmore National Memorial
107,Rhine Falls
108,Arthur's Seat
109,Ajanta Caves
110,Praça do Comércio
111,Sofiyivsky Park
112,Prague Astronomical Clock
113,Kapan an
114,Pilkington Library
115,Grand Canyon
116,St. Augustine Parish Church of Baliuag
117,Gloriette Sch%C3%B6nbrunn
118,Dwarves in Wroc%C5%82aw
119,Abraham Lincoln seated at the Lincoln Memorial
120,Eiffel Tower
121,"Karlskirche, Vienna"
122,%C4%8Cesk%C3%BD Krumlov Castle
123,Ir. D.F. Wouda-gemaal
124,Westmoreland State Park
125,New Town Hall (Munich)
126,"Financial District, Manhattan"
127,Caesarea Maritima
128,Itatiaia National Park
129,Grote of Onze-Lieve-Vrouwekerk (Breda)
130,Kolomna Kremlin
131,W%C3%B6rthersee
132,Banff National Park
133,"Dai Anga Tomb, Lahore"
134,Sydney Opera House
135,Wulingyuan
136,"Victoria Memorial, London"
137,Sviatohirsk Lavra
138,Ebenalp
139,Kazan
140,Shalimar Gardens (Lahore)
141,Washington Monument
142,Popova %C5%A0apka
143,Petronas Towers
144,Vodno
145,"Saint Aloysius Gonzaga Church (San Luis, Pampanga)"
146,Bastei
147,El Tatio
148,Delicate Arch
149,Pirin
150,National M. M. Grishko botanical garden (Kiev)
151,"Daulatabad, Maharashtra"
152,Gateway of India
153,R%C3%A2%C8%99nov Castle
154,Pillnitz Castle
155,Czocha Castle
156,Tsiranavor
157,Le Reculet
158,"Victoria Memorial, Kolkata"
159,Jantar Mantar (Delhi)
160,Utrecht Dom Tower
161,Simon en Judaskerk (Ootmarsum)
162,Karmravor
163,Guggenheim Museum Bilbao
164,Hanging Temple
165,Ch%C3%A2teau d'Azay-le-Rideau
166,Novodevichy Convent
167,"V%C3%A5gen, Bergen"
168,Beverley Minster
169,Mus%C3%A9e Bolo
170,Theatro Municipal (Rio de Janeiro)
171,Gda%C5%84sk Main Town Hall
172,Kazan Kremlin
173,Svetitskhoveli
174,"St. Andrew's Church, Kiev"
175,Terminal Tower
176,Schloss Sonnenstein
177,Yuyuan Gardens
178,Nature reserve of Trapani and Paceco salt ponds
179,Ashtarak Marine church
180,Huis Bergh
181,Iguazu Falls
182,Cliffs of Moher
183,Speicherstadt
184,Kasteel van Breda
185,Conwy Castle
186,Saint Holy Mother church of Yeghvard
187,Cathedral of Yerevan
188,Parque Nacional de Aparados da Serra
189,Janaki Mandir
190,Castello Estense (Ferrara)
191,Episcopal Diocese of Southwest Florida
192,Metekhi church
193,Marmashen
194,"Liberty Bridge, Budapest"
195,Gateshead Millennium Bridge
196,Tulum
197,Museum of Folk Architecture and Ethnography in Pyrohiv
198,Swallow's Nest (Crimea)
199,Piazza de Ferrari (Genoa)
200,Jackson Ward
201,%C3%87ufut Qale
202,Kapellbr%C3%BCcke
203,Jardin du Luxembourg
204,Wadi Rum
205,National Flag Memorial
206,Mount Rainier National Park
207,Palacio de La Moneda
208,Schloss Nordkirchen
209,Baikove Cemetery
210,"Alexander Nevsky Cathedral, Sofia"
211,Raglan Castle
212,Rohtas Fort
213,Stonehenge
214,"Tintern Abbey, Wales"
215,Royal Palace of Amsterdam
216,Forth Bridge
217,Uspensky monastery in Bakhchisaray
218,"City of San Fernando, Pampanga"
219,"Village Museum, Bucharest"
220,Kongsfjorden
221,Sydney Harbour Bridge
222,"Casa Rosada, Buenos Aires"
223,Mavrovo Lake
224,Praia da Nazar%C3%A9
225,Ivangorod fortress
226,Kissimmee Air Museum
227,Muktinath
228,Main building of Moscow State University
229,C%C4%93sis Castle
230,Sts. Clement and Pantaleon Church (Ohrid)
231,Lake Bled
232,Saint-Henri
233,"Royal Albert Dock, Liverpool"
234,Republic Square of Yerevan
235,Museu de Arqueologia e Etnologia da Universidade de S%C3%A3o Paulo
236,Vysokopetrovsky Monastery
237,Ljubljana Castle
238,Hoensbroek Castle
239,Begnas Lake
240,Lake Lucerne
241,St. Michael the Archangel Church (Avtokomanda)
242,Vienna City Hall
243,Memorial to the Murdered Jews of Europe
244,Oslo Opera house
245,Hurricane Ridge
246,Cidade da Cultura
247,"Samuil's Fortress, Ohrid"
248,Khreshchatyk
249,Red Fort
250,Sacra di San Michele
251,Chersonesos Taurica
252,St. Hripsime church in Vagharshapat
253,Khimki Reservoir
254,Lahori Gate (Red Fort)
255,Chapada dos Veadeiros National Park
256,Caernarfon Castle
257,Citadelle de Besan%C3%A7on
258,Ogrodzieniec Castle
259,St. John Kaneo Church
260,Mehmed Pa%C5%A1a Sokolovi%C4%87 Bridge in Vi%C5%A1egrad
261,Cabo da Roca
262,Smederevo Fortress
263,The Saint Catherine's Church (Chernihiv)
264,Monument Valley
265,Shalvan Vihara
266,Sal%C3%A8ve
267,Dresden Castle
268,Cathedral of Talin
269,Lodi Gardens
270,Madikwe Game Reserve
271,Theatro Municipal de S%C3%A3o Paulo
272,Nyhavn
273,Raja Haji Fisabilillah Mosque
274,Giant's Causeway
275,Castle Ammersoyen
276,Medzhybizh Castle
277,Silos
278,Kong Meng San Phor Kark See Monastery
279,Nikiszowiec
280,Persepolis
281,Bryggen
282,"Onze Lieve Vrouwe Kerk, Kampen"
283,Oza-Cesuras
284,Castle Square in Warsaw
285,Grote of Lebu%C3%AFnuskerk
286,Mathura Museum
287,Lake Ohrid
288,"Alexander Nevsky Cathedral, Tallinn"
289,"Holy Saviour Church, Gyumri"
290,Calgary
291,"Slava Park, Kiev"
292,John F. Kennedy Center for the Performing Arts
293,Palanok castle
294,Lagoa das Sete Cidades
295,Pele%C8%99 Castle
296,Palace of Culture and Science
297,India Gate
298,"Riesenrad, Vienna"
299,Anglesey Abbey
300,Citadelle de Qu%C3%A9bec
301,Windermere
302,Tughlaqabad Fort
303,"Houses on the National Register of Historic Places in Middlesex County, Massachusetts"
304,"Corktown, Toronto"
305,Burrator
306,National World War II Memorial
307,Kantanagar Temple
308,Lake Lugano
309,Treska
310,Trepponti (Comacchio)
311,Dubno Castle
312,Leninsky Prospekt (Moscow)
313,Uzhhorod castle
314,Stockholm City Hall
315,Narikala
316,Vittoriano (Rome)
317,Walensee
318,"Your liberators, Donbass"
319,Maqravank Monastery
320,Church of Our Lady in front of T%C3%BDn
321,Manila Cathedral
322,Forum (Pompeii)
323,Occoneechee State Park
324,Ternopil Pond
325,Transfiguration monastery (Murom)
326,Slot Zeist
327,Scott Monument
328,Gravensteen (Ghent)
329,"Saint John's Cathedral, 's-Hertogenbosch"
330,V%C3%B6lklingen Ironworks
331,Bakhchisaray Palace
332,Port of Casablanca
333,Barasoain Church
334,Media contributed by the ETH-Bibliothek
335,Secession Hall (Austria)
336,Natural Tunnel State Park
337,Pe%C5%A1ter
338,Zorats Karer
339,Adalaj Stepwell
340,Martebo kyrka
341,Goshavank
342,Mljet
343,Saint Sophia Cathedral in Kiev
344,Harichavank
345,Kara-Dag Nature Reserve
346,Olsztyn Jura Castle
347,Fugan Canal Kansui Park
348,Texas State Library and Archives Commission
349,Aqueduct of Segovia
350,Schloss Johannisburg
351,Etchmiadzin Cathedral
352,Bara Imambara
353,Lake Constance
354,Puthia Rajbari
355,Hills of Dumfries and Galloway
356,Kasteel Amerongen
357,Black Church
358,West Lake
359,Khotyn Fortress
360,Atomium
361,30 St Mary Axe
362,Naturschutzgebiet Mittleres Innerstetal mit Kanstein
363,Pidhirtsi Castle
364,Akbar's Tomb
365,National Museum of the Philippines
366,Whitby Abbey
367,Tuileries Garden
368,"Saint Sarkis Cathedral, Yerevan"
369,St. John Cathedral Church in Wroc%C5%82aw
370,American Falls
371,Khor Virap
372,Old Town (Skopje)
373,Monumento a la Revoluci%C3%B3n (M%C3%A9xico)
374,Temple of Zeus in Athens
375,Clifton Suspension Bridge
376,Parc d%C3%A9partemental Georges-Valbon
377,Campo Imperatore
378,Stadhuis (Gouda)
379,Madrid R%C3%ADo
380,Olympiastadion Berlin
381,Binondo Church
382,"Old City Hall, Boston"
383,Chhatrapati Shivaji Terminus (formerly Victoria Terminus)
384,Lake Maggiore
385,Mangup
386,Pakistan Monument Islamabad
387,Stone Bridge (Skopje)
388,Remise (transport museum)
389,Tarakanivskiy fort
390,Brooklyn Bridge
391,Malolos Cathedral
392,Walls of %C3%81vila
393,Duisitzkarsee
394,West Voe of Sumburgh
395,Templo de Diana (%C3%89vora)
396,Dead Sea
397,"Neumarkt, Dresden"
398,Edinburgh Castle
399,Mount Arapiles
400,House with Chimeras (Kiev)
401,"Kanda, Tokyo"
402,Golden Gate Bridge
403,Bryce Canyon National Park
404,Church of the Intercession (Parkhomovka)
405,Vers%C3%B6hnungskirche (Dresden)
406,Tverskoy
407,H%C3%B4pital Notre-Dame %C3%A0 la Rose
408,Saint Hovhannes church of Kond
409,"Lok Virsa Museum, Islamabad"
410,Amberd
411,Shwedagon pagoda
412,Purana Qila
413,Hampton Park Terrace
414,Burgtheater
415,Sumburgh Head
416,Old Town Square (Prague)
417,Tajhat Palace
418,Albert Memorial
419,Schweriner Schloss
420,Hayravank monastery
421,Pieskowa Ska%C5%82a Castle
422,Haleakal%C4%81 National Park
423,Meycauayan Church
424,Markiezenhof
425,St. Gayane
426,Lviv
427,%C5%A0arena D%C5%BEamija (Tetovo)
428,Kr%C3%A4merbr%C3%BCcke (Erfurt)
429,Skole Beskids National Nature Park
430,Horseshoe Falls
431,Empress Maria Theresia monument (Maria Theresien-Platz)
432,Biblioteca Nacional de Espa%C3%B1a
433,Antikenmuseum der Universit%C3%A4t Heidelberg
434,Pingyao
435,Castell de X%C3%A0tiva
436,Leesylvania State Park
437,Gullfoss
438,Serra da Estrela
439,Central Park
440,Agra Fort
441,Noravank
442,Leeds Castle
443,Mehrauli Archaeological Park
444,Eram Garden
445,"Grote of Sint-Bonifaciuskerk, Medemblik"
446,Genoese fortress (Sudak)
447,Ch%C3%A2teau d'Amboise
448,Las Casas Filipinas de A%C3%A7%C3%BAzar
449,Lake Como
450,Itmad-Ud-Daulah's Tomb
451,Texas Tech University
452,Church of the Saviour on the Blood
453,Cathedral of the Dormition of the Theotokos (Vladimir)
454,Changdeokgung
455,Faisal Mosque
456,Sharivka Manor
457,Aali Qapu
458,Charles Bridge
459,Aruchavank
460,Haghpat
461,Castelo dos Mouros
462,Caerphilly Castle
463,Zaryadye Park
464,York River State Park
465,Camp Nou
466,Mir Castle Complex
467,Flumserberg
468,Potala Palace
469,Dayr-e Gachin
470,Aguinaldo Shrine
471,Mount Jerome Cemetery
472,Nieuwe Waterweg
473,Wenceslas Square
474,Hauz Khas Complex
475,Wat Arun
476,"Saint Catherine of Alexandria Church (Arayat, Pampanga)"
477,Hovhannavank Monastery
478,Externsteine
479,Novyi Svit Sanctuary
480,Ahsan Manzil
481,Shrine Mont
482,Pont du Gard
483,Niedzica Castle
484,Lviv Opera House
485,Raystown Lake
486,Surb Zoravor Astvatsatsin Church
487,Neghuts Monastery
488,"Puente de Arganzuela, Madrid"
489,Saint Sargis Monastery of Ushi
490,Church of the Ascension of Christ (Skopje)
